"DESCRIPTION","DURATION IN MS","NAME","PARENT SUITE","START TIME","STATUS","STOP TIME","SUB SUITE","SUITE","TEST CLASS","TEST METHOD"
"","0","PRO-009 - [ All Items ] - Product Card - Hover Nama Produk - Klik Nama Produk","Saucedemo - Inventory Product Functionality","2026-10-09","skipped","2026-10-09","","","",""
"","0","LGN-006 - [ Login ] - Masukkan Username dan Password Invalid - Klik Login","Saucedemo - Login Functionality","2026-10-09","skipped","2026-10-09","","","",""
"","0","PRO-021 - [ All Items ] - Product Card - Detail Produk - Klik Button Add to cart pada Produk kemudian klik Detail Produk","Saucedemo - Inventory Product Functionality","2026-10-09","skipped","2026-10-09","","","",""
"","0","PRO-019 - [ All Items ] - Product Card - Detail Produk - Klik Button Back to Products ketika Belum Tambah Produk","Saucedemo - Inventory Product Functionality","2026-10-09","skipped","2026-10-09","","","",""
"","1","PRO-005 - [ All Items ] - Filter Sort - Klik Button Filter Sort - Klik Filter Price (Low to High)","Saucedemo - Inventory Product Functionality","2026-10-09","skipped","2026-10-09","","","",""
"","0","PRO-020 - [ All Items ] - Product Card - Detail Produk - Klik Button Back to Products ketika Sudah Tambah Produk","Saucedemo - Inventory Product Functionality","2026-10-09","skipped","2026-10-09","","","",""
"","0","PRO-011 - [ All Items ] - Product Card - Klik Button Add to cart pada Produk","Saucedemo - Inventory Product Functionality","2026-10-09","skipped","2026-10-09","","","",""
"","0","LGN-009 - [ Login ] - Masukkan Username dan Password Locked Out User - Klik Login","Saucedemo - Login Functionality","2026-10-09","skipped","2026-10-09","","","",""
"","0","PRO-014 - [ All Items ] - Product Card - Klik Button Add to cart pada Produk - Klik Button Remove pada >1 Produk","Saucedemo - Inventory Product Functionality","2026-10-09","skipped","2026-10-09","","","",""
"","0","PRO-012 - [ All Items ] - Product Card - Klik Button Add to cart pada Produk - Klik Button Remove","Saucedemo - Inventory Product Functionality","2026-10-09","skipped","2026-10-09","","","",""
"","0","LGN-005 - [ Login ] - Masukkan Password Valid - Klik Login","Saucedemo - Login Functionality","2026-10-09","skipped","2026-10-09","","","",""
"","0","PRO-016 - [ All Items ] - Product Card - Detail Produk - Klik Button Remove","Saucedemo - Inventory Product Functionality","2026-10-09","skipped","2026-10-09","","","",""
"","0","PRO-004 - [ All Items ] - Filter Sort - Klik Button Filter Sort - Klik Filter Name (Z to A)","Saucedemo - Inventory Product Functionality","2026-10-09","skipped","2026-10-09","","","",""
"","0","PRO-006 - [ All Items ] - Filter Sort - Klik Button Filter Sort - Klik Filter Price (High to Low)","Saucedemo - Inventory Product Functionality","2026-10-09","skipped","2026-10-09","","","",""
"","0","PRO-015 - [ All Items ] - Product Card - Detail Produk - Klik Button Add to cart","Saucedemo - Inventory Product Functionality","2026-10-09","skipped","2026-10-09","","","",""
"","1","PRO-017 - [ All Items ] - Product Card - Detail Produk - Klik Icon Shopping Cart Ketika Belum Ada Produk","Saucedemo - Inventory Product Functionality","2026-10-09","skipped","2026-10-09","","","",""
"","0","PRO-018 - [ All Items ] - Product Card - Detail Produk - Klik Icon Shopping Cart Ketika Sudah Ada Produk","Saucedemo - Inventory Product Functionality","2026-10-09","skipped","2026-10-09","","","",""
"","0","PRO-002 - [ All Items ] - Filter Sort - Klik Button Filter Sort","Saucedemo - Inventory Product Functionality","2026-10-09","skipped","2026-10-09","","","",""
"","0","PRO-003 - [ All Items ] - Filter Sort - Klik Button Filter Sort - Klik Filter Name (A to Z) [ Default ]","Saucedemo - Inventory Product Functionality","2026-10-09","skipped","2026-10-09","","","",""
"","3547","PRO-001 - [ All Items ] - Halaman Utama","Saucedemo - Inventory Product Functionality","2026-10-09","passed","2026-10-09","","","",""
"","0","LGN-011 - [ Login ] - Masukkan Username dan Password Invalid - Klik Login - Klik Exit pada Error Banner","Saucedemo - Login Functionality","2026-10-09","skipped","2026-10-09","","","",""
"","0","LGN-003 - [ Login ] - Klik Login - Berhasil Login","Saucedemo - Login Functionality","2026-10-09","skipped","2026-10-09","","","",""
"","0","LGN-010 - [ Login ] - Kosongkan Username dan Password - Klik Login","Saucedemo - Login Functionality","2026-10-09","skipped","2026-10-09","","","",""
"","0","PRO-010 - [ All Items ] - Product Card - Klik Foto Produk","Saucedemo - Inventory Product Functionality","2026-10-09","skipped","2026-10-09","","","",""
"","0","PRO-013 - [ All Items ] - Product Card - Klik Button Add to cart pada >1 Produk","Saucedemo - Inventory Product Functionality","2026-10-09","skipped","2026-10-09","","","",""
"","1","LGN-004 - [ Login ] - Masukkan Username Valid - Klik Login","Saucedemo - Login Functionality","2026-10-09","skipped","2026-10-09","","","",""
